,,,Riego,Riego,Riego,Temporal,Temporal,Temporal,,,Total Average of Yield,Total StdDev of Yield,,Riego,Temporal,,
Row Labels,,Region,Average of Yield,StdDev of Yield,CV,Average of Yield,StdDev of Yield,CV,I/T Avg,I/T CV,Average of Yield,StdDev of Yield,Overall Average by summation,Avg Planted,Avg Planted,Avg % Irrigated,Overall Average by summation
Distrito Federal,Distrito Federal,,,,,1494.0,321.4,,,,1494.0,321.4,1347.9,0.0,684.3474436,0.0%,1347.896323
Alvaro Obregon,Distrito Federal,BOM,,,,1746.3,305.0,,,,1746.3,305.0,1755.5,0.0,51.78315789,0.0%,1755.53244
Cuajimalpa de Morelos,Distrito Federal,BOM,,,,1735.8,275.7,,,,1735.8,275.7,1782.2,0.0,46.70684211,0.0%,1782.205222
La Magdalena Contreras,Distrito Federal,BOM,,,,1728.4,279.2,,,,1728.4,279.2,1744.0,0.0,229.6,0.0%,1744.035435
Milpa Alta,Distrito Federal,BOM,,,,1289.5,228.7,,,,1289.5,228.7,1302.7,0.0,2068.1,0.0%,1302.749191
Tlahuac,Distrito Federal,BOM,,,,1313.7,204.3,,,,1313.7,204.3,1332.6,0.0,1011.731579,0.0%,1332.550865
Tlalpan,Distrito Federal,BOM,,,,1390.5,222.1,,,,1390.5,222.1,1392.8,0.0,753.7842105,0.0%,1392.776797
Xochimilco,Distrito Federal,BOM,,,,1253.7,171.1,,,,1253.7,171.1,1256.4,0.0,628.7263158,0.0%,1256.380621
Hidalgo,Hidalgo,,6139.8,3199.7,52.1,1026.6,609.6,59.4,6.0,0.9,3382.9,3378.7,5176.3,841.6643267,884.8203585,48.8%,5176.259465
Ajacuba,Hidalgo,Tula,7925.3,831.1,10.5,693.2,200.6,28.9,11.4,0.4,4309.2,3712.8,4297.9,2089.947368,2706.894737,43.6%,4297.856731
Almoloya,Hidalgo,Pachuca,2872.5,496.4,17.3,2047.9,743.5,36.3,1.4,0.5,2424.9,758.4,2252.1,36.976875,936.8763158,3.8%,2252.081787
Apan,Hidalgo,Pachuca,2868.3,596.0,20.8,2087.9,470.1,22.5,1.4,0.9,2275.2,596.2,2220.9,11.96,2298.908421,0.5%,2220.892775
Atitalaquia,Hidalgo,,8375.8,564.0,6.7,731.6,274.9,37.6,11.4,0.2,4553.7,3898.1,6404.6,459.8421053,189.6842105,70.8%,6404.553027
Atotonilco de Tula,Hidalgo,Tula,7924.7,1087.8,13.7,652.1,195.5,30.0,12.2,0.5,4288.4,3764.9,2115.8,162.0878947,850.5263158,16.0%,2115.840019
Emiliano Zapata,Hidalgo,Pachuca,2569.1,1129.6,44.0,1956.8,572.9,29.3,1.3,1.5,2181.3,856.6,2131.4,21.13545455,259.7673684,7.5%,2131.36552
Epazoyucan,Hidalgo,Pachuca,2835.8,955.0,33.7,896.3,441.1,49.2,3.2,0.7,1866.1,1226.4,1539.2,132.5589474,492.1768421,21.2%,1539.160452
Francisco I. Madero,Hidalgo,,10324.7,1402.9,13.6,556.8,356.7,64.1,18.5,0.2,5440.8,5051.4,9456.6,2294.324211,413.7368421,84.7%,9456.602377
Mineral de La Reforma,Hidalgo,Pachuca,5289.5,1324.5,25.0,1077.9,517.6,48.0,4.9,0.5,3183.7,2353.3,4320.4,507.3378947,252.4842105,66.8%,4320.435188
Mineral del Monte,Hidalgo,Tula,,,#DIV/0!,1002.6,350.3,34.9,,,1002.6,350.3,1037.8,0.0,472.9036842,0.0%,1037.813272
Mixquiahuala de Juarez,Hidalgo,Pachuca,10091.1,1380.5,13.7,593.2,326.5,55.0,17.0,0.2,5342.1,4913.4,9615.6,3664.747368,403.8421053,90.1%,9615.555859
Pachuca de Soto,Hidalgo,Pachuca,2879.2,555.9,19.3,871.6,155.0,17.8,3.3,1.1,1648.7,1056.3,933.8,18.95833333,287.5784211,6.2%,933.7865616
San Agustin Tlaxiaca,Hidalgo,Pachuca,3036.1,1061.0,34.9,749.5,273.4,36.5,4.1,1.0,1861.9,1382.5,937.8,84.93611111,1574.818421,5.1%,937.7618167
Singuilucan,Hidalgo,Pachuca,,,#DIV/0!,1583.7,596.9,37.7,,,1583.7,596.9,1661.4,0.0,2392.155263,0.0%,1661.402073
Tepeapulco,Hidalgo,Pachuca,2684.7,970.5,36.1,1922.6,583.7,30.4,1.4,1.2,2303.7,879.2,2103.7,43.06631579,577.6084211,6.9%,2103.71371
Tepeji del Rio de Ocampo,Hidalgo,Tula,8418.4,1247.1,14.8,707.9,266.0,37.6,11.9,0.4,4563.2,4007.0,4285.1,1841.072632,2997.631579,38.0%,4285.139214
Tepetitlan,Hidalgo,Tula,8456.3,1372.2,16.2,592.6,273.3,46.1,14.3,0.4,4524.5,4102.4,4380.3,644.8815789,1130.017368,36.3%,4380.334714
Tetepango,Hidalgo,Tula,9234.2,1907.4,20.7,684.2,202.7,29.6,13.5,0.7,4959.2,4534.3,4954.2,517.5615789,582.9736842,47.0%,4954.206524
Tezontepec de Aldama,Hidalgo,Pachuca,9848.4,1381.3,14.0,559.5,345.1,61.7,17.6,0.2,5203.9,4810.4,9526.9,3136.473684,376.5789474,89.3%,9526.928622
Tizayuca,Hidalgo,Tula,3890.0,1562.7,40.2,988.4,297.1,30.1,3.9,1.3,2314.9,1809.7,1306.0,89.483125,311.7263158,22.3%,1306.043238
Tlahuelilpan,Hidalgo,Tula,8923.7,1148.8,12.9,685.8,204.9,29.9,13.0,0.4,4804.7,4252.8,6932.8,406.2178947,133.9736842,75.2%,6932.780969
Tlanalapa,Hidalgo,Tula,2300.0,776.9,33.8,1592.8,519.3,32.6,1.4,1.0,1946.4,743.5,1766.6,16.24277778,291.6838889,5.3%,1766.604124
Tlaxcoapan,Hidalgo,Pachuca,8961.1,719.9,8.0,643.7,195.7,30.4,13.9,0.3,4802.4,4246.5,6476.2,903.6536842,448.3684211,66.8%,6476.205457
Tolcayuca,Hidalgo,Tula,2989.3,665.3,22.3,923.7,342.4,37.1,3.2,0.6,1800.0,1149.2,1013.1,16.95357143,241.5352632,6.6%,1013.134799
Tula de Allende,Hidalgo,Pachuca,9587.4,882.6,9.2,616.3,284.3,46.1,15.6,0.2,5101.8,4591.5,6515.5,2744.947368,2136.473684,56.2%,6515.488859
Villa de Tezontepec,Hidalgo,Pachuca,3004.2,663.6,22.1,1103.7,266.1,24.1,2.7,0.9,2053.9,1084.5,1687.1,115.2673684,238.7931579,32.6%,1687.090995
Zapotlan de Juarez,Hidalgo,Pachuca,2714.7,714.8,26.3,1160.6,421.9,36.4,2.3,0.7,1958.6,979.7,1401.7,44.96894737,341.3344444,11.6%,1401.665242
Zempoala,Hidalgo,Pachuca,4620.5,1787.1,38.7,1097.9,333.8,30.4,4.2,1.3,2859.2,2189.5,1345.2,115.2673684,1374.095789,7.7%,1345.192102
Distrito Federal,Distrito Federal,,,,,1494.0,321.4,,,,1494.0,321.4,1347.9,0.0,684.3474436,0.0%,1347.896323
Mexico,Mexico,,4369.8,1240.9,28.4,2797.6,1215.4,43.4,1.6,0.7,3396.2,1443.4,3548.2,1422.643461,3425.836077,29.3%,3548.191484
Alvaro Obregon,Distrito Federal,BOM,,,,1746.3,305.0,,,,1746.3,305.0,1755.5,0.0,51.78315789,0.0%,1755.53244
Cuajimalpa de Morelos,Distrito Federal,BOM,,,,1735.8,275.7,,,,1735.8,275.7,1782.2,0.0,46.70684211,0.0%,1782.205222
La Magdalena Contreras,Distrito Federal,BOM,,,,1728.4,279.2,,,,1728.4,279.2,1744.0,0.0,229.6,0.0%,1744.035435
Milpa Alta,Distrito Federal,BOM,,,,1289.5,228.7,,,,1289.5,228.7,1302.7,0.0,2068.1,0.0%,1302.749191
Tlahuac,Distrito Federal,BOM,,,,1313.7,204.3,,,,1313.7,204.3,1332.6,0.0,1011.731579,0.0%,1332.550865
Tlalpan,Distrito Federal,BOM,,,,1390.5,222.1,,,,1390.5,222.1,1392.8,0.0,753.7842105,0.0%,1392.776797
Xochimilco,Distrito Federal,BOM,,,,1253.7,171.1,,,,1253.7,171.1,1256.4,0.0,628.7263158,0.0%,1256.380621
Acolman,Mexico,BOM,4371.6,946.3,21.6,1567.9,653.4,41.7,2.8,0.5,2969.7,1631.4,3502.9,3284.263158,15189.94737,17.8%,3502.873767
Amecameca,Mexico,BOM,,,#DIV/0!,3323.7,608.7,18.3,,,3323.7,608.7,2953.8,1490.281579,1670.073684,47.2%,2953.760181
Apaxco,Mexico,BOM,5421.1,1036.8,19.1,2187.4,780.9,35.7,2.5,0.5,3804.2,1872.0,3174.9,5268.831579,8738.763158,37.6%,3174.905808
Atenco,Mexico,BOM,3443.2,827.8,24.0,1975.3,1095.4,55.5,1.7,0.4,2709.2,1212.6,4327.1,5165.842105,20138.28474,20.4%,4327.114916
Atizapan de Zaragoza,Mexico,BOM,,,#DIV/0!,1929.5,328.5,17.0,,,1929.5,328.5,3281.5,0.0,367.8073684,0.0%,3281.547745
Atlautla,Mexico,BOM,,,#DIV/0!,3099.5,437.5,14.1,,,3099.5,437.5,3283.0,0.0,4264.210526,0.0%,3283.037892
Axapusco,Mexico,BOM,,,#DIV/0!,1426.3,522.4,36.6,,,1426.3,522.4,2883.0,249.5357895,1216.263158,17.0%,2882.995827
Ayapango,Mexico,BOM,,,#DIV/0!,3186.3,642.0,20.1,,,3186.3,642.0,2912.6,1018.140526,727.5673684,58.3%,2912.571726
Chalco,Mexico,BOM,4502.1,573.7,12.7,3313.2,905.1,27.3,1.4,0.5,3907.6,960.0,3276.7,0.0,462.7857895,0.0%,3276.694877
Chapultepec,Mexico,BOM,,,#DIV/0!,3839.5,1004.0,26.2,,,3839.5,1004.0,1909.7,0.0,45.64894737,0.0%,1909.673055
Chiautla,Mexico,BOM,4169.5,1927.1,46.2,2119.5,1165.5,55.0,2.0,0.8,3144.5,1883.2,3909.6,2464.936842,9096.473684,21.3%,3909.594669
Chicoloapan,Mexico,BOM,3200.0,#DIV/0!,#DIV/0!,2475.3,690.3,27.9,1.3,,2511.5,691.2,3095.5,0.0,2878.795263,0.0%,3095.496124
Chiconcuac,Mexico,BOM,3216.3,812.1,25.2,2081.1,1012.9,48.7,1.5,0.5,2648.7,1072.8,1510.1,0.0,1569.526316,0.0%,1510.102948
Chimalhuacan,Mexico,BOM,2400.0,#DIV/0!,#DIV/0!,2054.2,891.4,43.4,1.2,,2071.5,871.1,2745.1,1076.815789,1232.777778,46.6%,2745.104051
Coacalco de Berriozabal,Mexico,BOM,3163.3,978.3,30.9,1260.0,835.5,66.3,2.5,0.5,2603.5,1277.3,3248.5,0.0,2334.447368,0.0%,3248.470166
Cocotitlan,Mexico,BOM,,,#DIV/0!,3456.3,1183.3,34.2,,,3456.3,1183.3,3755.1,0.0,892.4236842,0.0%,3755.074991
Coyotepec,Mexico,BOM,4013.2,684.6,17.1,1593.2,507.1,31.8,2.5,0.5,2803.2,1362.6,3268.9,94.62263158,5608.093684,1.7%,3268.941618
Cuautitlan,Mexico,BOM,4918.4,1045.3,21.3,,,#DIV/0!,,,4918.4,1045.3,3281.0,1607.802632,2464.736842,39.5%,3281.006054
Cuautitlan Izcalli,Mexico,BOM,4487.4,792.2,17.7,1933.7,403.9,20.9,2.3,0.8,3210.5,1434.9,3866.0,0.0,753.2457895,0.0%,3865.985575
Ecatepec de Morelos,Mexico,BOM,3331.1,938.0,28.2,1969.5,1059.7,53.8,1.7,0.5,2650.3,1204.3,3746.9,399.4210526,102.1884211,79.6%,3746.857577
Ecatzingo,Mexico,BOM,,,#DIV/0!,2979.5,501.4,16.8,,,2979.5,501.4,2438.8,173,377.3242105,31.4%,2438.828936
Huehuetoca,Mexico,BOM,4253.1,1030.6,24.2,1878.4,561.4,29.9,2.3,0.8,2964.0,1440.8,1633.4,4,44.05789474,8.3%,1633.401516
Hueypoxtla,Mexico,BOM,4511.8,1254.9,27.8,1609.5,598.4,37.2,2.8,0.7,2980.0,1750.2,2745.2,8.020833333,3.4,70.2%,2745.168539
Huixquilucan,Mexico,BOM,,,#DIV/0!,2613.2,880.3,33.7,,,2613.2,880.3,3557.9,408.8157895,3369.923158,10.8%,3557.943231
Isidro Fabela,Mexico,BOM,4573.2,734.6,16.1,2315.8,680.1,29.4,2.0,0.5,3444.5,1340.1,3972.8,0.0,1234.000526,0.0%,3972.763809
Ixtapaluca,Mexico,BOM,,,#DIV/0!,2499.5,805.0,32.2,,,2499.5,805.0,4050.8,0.0,8157.17,0.0%,4050.782877
Jaltenco,Mexico,BOM,4766.8,1048.4,22.0,1566.3,605.0,38.6,3.0,0.6,3166.6,1828.3,4186.7,0.0,1410.714211,0.0%,4186.747933
Jilotzingo,Mexico,BOM,4614.7,952.4,20.6,2150.5,472.4,22.0,2.1,0.9,3382.6,1452.2,2509.1,624.8042105,1136.093158,35.5%,2509.118466
Juchitepec,Mexico,BOM,,,#DIV/0!,3772.1,853.5,22.6,,,3772.1,853.5,2820.0,758.0973684,2423.928421,23.8%,2820.00656
La Paz,Mexico,BOM,,,#DIV/0!,2076.8,508.0,24.5,,,2076.8,508.0,2511.2,379.7884211,2900.508421,11.6%,2511.209718
Melchor Ocampo,Mexico,BOM,4847.9,949.3,19.6,1860.0,357.8,19.2,2.6,1.0,4225.4,1504.7,2324.0,23.53736842,20.94631579,52.9%,2324.036221
Mexicaltzingo,Mexico,BOM,,,#DIV/0!,3867.9,902.2,23.3,,,3867.9,902.2,2964.2,0.0,1516.105263,0.0%,2964.20954
Naucalpan de Juarez,Mexico,BOM,4752.6,1082.4,22.8,2126.8,455.0,21.4,2.2,1.1,3439.7,1562.4,2355.9,532.03625,1972.595789,21.2%,2355.867447
Nextlalpan,Mexico,BOM,5430.0,1309.5,24.1,1630.0,696.4,42.7,3.3,0.6,3530.0,2185.8,2009.1,596.9411765,4041.578947,12.9%,2009.072778
Nicolas Romero,Mexico,BOM,4657.4,804.9,17.3,2304.7,445.9,19.3,2.0,0.9,3481.1,1353.9,3239.0,316.33,134.5510526,70.2%,3238.979652
Nopaltepec,Mexico,BOM,,,#DIV/0!,1335.8,494.0,37.0,,,1335.8,494.0,3662.7,0.0,5231.691579,0.0%,3662.650827
Otumba,Mexico,BOM,4108.9,823.5,20.0,1361.1,482.5,35.5,3.0,0.6,2735.0,1543.3,2969.4,135.89,3252.631579,4.0%,2969.367851
Ozumba,Mexico,BOM,,,#DIV/0!,3304.7,789.7,23.9,,,3304.7,789.7,2666.2,0.0,553.4273684,0.0%,2666.196263
Papalotla,Mexico,BOM,3632.6,1151.4,31.7,1823.2,722.6,39.6,2.0,0.8,2727.9,1319.0,4229.6,30.74578947,1037.270526,2.9%,4229.606684
San Martin de Las Piramides,Mexico,BOM,4201.6,746.8,17.8,1379.5,452.5,32.8,3.0,0.5,2790.5,1554.3,4400.0,128.26375,15.364375,89.3%,4399.960836
Tecamac,Mexico,BOM,5322.6,1048.3,19.7,1854.2,864.3,46.6,2.9,0.4,3588.4,1996.7,3501.3,4949.798421,9438.815789,34.4%,3501.289207
Temamatla,Mexico,BOM,,,#DIV/0!,3272.1,453.6,13.9,,,3272.1,453.6,3095.3,311.1205263,536.6315789,36.7%,3095.255398
Temascalapa,Mexico,BOM,,,#DIV/0!,1330.0,388.9,29.2,,,1330.0,388.9,2389.4,195.4373684,402.2105263,32.7%,2389.419854
Tenango del Aire,Mexico,BOM,,,#DIV/0!,3928.4,962.6,24.5,,,3928.4,962.6,3253.6,139.8923529,98.52470588,58.7%,3253.612434
Teoloyucan,Mexico,BOM,4723.2,857.9,18.2,1910.8,422.4,22.1,2.5,0.8,3580.6,1570.3,3659.1,0.0,1934.784211,0.0%,3659.101157
Teotihuacan,Mexico,BOM,4116.3,634.8,15.4,1518.9,553.5,36.4,2.7,0.4,2817.6,1441.3,3890.1,0.0,3808.684211,0.0%,3890.079508
Tepetlaoxtoc,Mexico,BOM,3712.6,1477.4,39.8,2043.2,1125.4,55.1,1.8,0.7,2877.9,1547.1,1913.4,0.0,100.7626316,0.0%,1913.350292
Tepetlixpa,Mexico,BOM,,,#DIV/0!,3081.1,479.0,15.5,,,3081.1,479.0,3560.5,479.9157895,9393.142105,4.9%,3560.485156
Tepotzotlan,Mexico,BOM,4774.2,1114.9,23.4,2159.5,628.4,29.1,2.2,0.8,3466.8,1597.6,3406.7,1580,3009.687895,34.4%,3406.674474
Tequixquiac,Mexico,BOM,5630.0,971.1,17.2,1947.4,740.4,38.0,2.9,0.5,3788.7,2051.2,2918.6,0.0,98.49789474,0.0%,2918.588573
Texcoco,Mexico,BOM,5067.9,1596.7,31.5,2797.9,471.4,16.8,1.8,1.9,3932.9,1634.5,4284.7,0.0,3351.208421,0.0%,4284.6794
Tezoyuca,Mexico,BOM,4053.7,607.9,15.0,1311.6,362.8,27.7,3.1,0.5,2682.6,1474.6,3328.7,2984.888421,3533.368421,45.8%,3328.699409
Tlalmanalco,Mexico,BOM,,,#DIV/0!,3191.1,745.4,23.4,,,3191.1,745.4,3026.0,661.1405263,6855.289474,8.8%,3025.959704
Tlalnepantla de Baz,Mexico,BOM,,,#DIV/0!,1801.6,436.7,24.2,,,1801.6,436.7,2701.9,0.0,1644.154211,0.0%,2701.944017
Tonanitla,Mexico,BOM,5066.9,1142.8,22.6,1656.3,633.5,38.2,3.1,0.6,3361.6,1956.5,2262.1,38.50210526,580.9857895,6.2%,2262.0679
Tultepec,Mexico,BOM,4644.2,963.0,20.7,1903.2,835.4,43.9,2.4,0.5,3273.7,1649.2,2970.9,911.8431579,2632.847368,25.7%,2970.905961
Tultitlan,Mexico,BOM,4424.7,984.0,22.2,1961.2,818.5,41.7,2.3,0.5,3192.9,1535.4,3021.3,0.0,719.1536842,0.0%,3021.274372
Valle de Chalco Solidaridad,Mexico,BOM,,,#DIV/0!,2588.9,710.9,27.5,,,2588.9,710.9,3747.1,156.1342105,1504.082105,9.4%,3747.12347
Villa del Carbon,Mexico,BOM,3621.6,790.3,21.8,2856.8,998.0,34.9,1.3,0.6,3239.2,968.8,1437.9,0.0,447.4473684,0.0%,1437.873414
Xonacatlan,Mexico,BOM,3661.1,1070.6,29.2,3786.8,1009.6,26.7,1.0,1.1,3723.9,1028.4,3105.8,0.0,3568.035263,0.0%,3105.791115
Zumpango,Mexico,BOM,5672.6,1135.3,20.0,1858.4,733.3,39.5,3.1,0.5,3765.5,2150.3,3909.3,2200.25,3639.787895,37.7%,3909.299074
Acambay de Ruiz Castaneda,Mexico,North Toluca,4775.3,1629.5,34.1,3131.6,1017.9,32.5,1.5,1.0,3953.4,1577.8,3347.1,0.0,1573.131579,0.0%,3347.08677
Aculco,Mexico,North Toluca,3644.7,923.7,25.3,2829.5,868.8,30.7,1.3,0.8,3237.1,976.2,2804.7,35.23684211,31.97526316,52.4%,2804.702944
Chapa de Mota,Mexico,North Toluca,3705.3,737.2,19.9,2810.0,811.7,28.9,1.3,0.7,3257.6,889.2,3161.6,168.4868421,3444.087895,4.7%,3161.565052
El Oro,Mexico,North Toluca,3508.9,1034.9,29.5,2602.1,781.9,30.0,1.3,1.0,3055.5,1014.7,2937.8,104.8947368,29.25157895,78.2%,2937.76864
Jilotepec,Mexico,North Toluca,4147.4,876.8,21.1,2989.5,858.7,28.7,1.4,0.7,3568.4,1037.8,2543.1,252.1394737,505.4289474,33.3%,2543.113472
Polotitlan,Mexico,North Toluca,3274.2,1559.3,47.6,2128.3,1014.2,47.7,1.5,1.0,2716.8,1427.8,3262.0,5154.052632,17636.15789,22.6%,3261.978841
Soyaniquilpan de Juarez,Mexico,North Toluca,3919.5,880.1,22.5,2822.1,924.7,32.8,1.4,0.7,3370.8,1049.7,3800.6,106.8542105,62.31578947,63.2%,3800.555568
Temascalcingo,Mexico,North Toluca,5229.5,1339.7,25.6,3646.8,1171.8,32.1,1.4,0.8,4438.2,1477.9,5120.4,14.66684211,1752.347895,0.8%,5120.396624
Timilpan,Mexico,North Toluca,4538.4,1572.1,34.6,2782.6,805.1,28.9,1.6,1.2,3660.5,1519.6,3911.3,0.0,724.9363158,0.0%,3911.266992
Almoloya de Juarez,Mexico,Toluca,4922.1,1335.3,27.1,3991.6,1413.3,35.4,1.2,0.8,4456.8,1435.8,3560.0,2832.236842,1728.697368,62.1%,3560.035498
Almoloya del Rio,Mexico,Toluca,,,#DIV/0!,3337.9,1108.1,33.2,,,3337.9,1108.1,2561.0,523.9105263,2104.640526,19.9%,2560.982332
Atizapan,Mexico,Toluca,,,#DIV/0!,3220.5,860.6,26.7,,,3220.5,860.6,3223.3,0.0,797.9368421,0.0%,3223.28257
Atlacomulco,Mexico,Toluca,5077.4,1293.5,25.5,3543.7,1278.8,36.1,1.4,0.7,4310.5,1487.8,1386.1,0.0,2224.824737,0.0%,1386.053469
Calimaya,Mexico,Toluca,,,#DIV/0!,4311.6,949.6,22.0,,,4311.6,949.6,4111.9,3289.226316,10872.71053,23.2%,4111.871459
Capulhuac,Mexico,Toluca,,,#DIV/0!,3717.4,909.9,24.5,,,3717.4,909.9,4151.5,4748.593684,5732.269474,45.3%,4151.525673
Coatepec Harinas,Mexico,Toluca,3893.2,907.6,23.3,3508.4,1106.3,31.5,1.1,0.7,3700.8,1017.0,4296.2,0.0,5566.984211,0.0%,4296.202569
Ixtapan de La Sal,Mexico,Toluca,4273.2,1203.3,28.2,4211.1,1607.7,38.2,1.0,0.7,4242.1,1401.0,3652.6,232.9436842,168.1538462,58.1%,3652.635687
Ixtlahuaca,Mexico,Toluca,4767.9,1160.2,24.3,3485.3,1084.7,31.1,1.4,0.8,4126.6,1284.4,3163.4,0.0,936.3573684,0.0%,3163.368799
Jiquipilco,Mexico,Toluca,4167.9,1000.1,24.0,3360.0,1188.9,35.4,1.2,0.7,3763.9,1158.3,2211.5,35.40789474,747.6347368,4.5%,2211.486926
Jocotitlan,Mexico,Toluca,5133.2,1567.2,30.5,3633.7,1371.9,37.8,1.4,0.8,4383.4,1639.4,3142.2,0.0,1144.105263,0.0%,3142.180513
Joquicingo,Mexico,Toluca,,,#DIV/0!,3810.5,746.0,19.6,,,3810.5,746.0,4770.1,115.4252632,0.0,100.0%,4770.099586
Lerma,Mexico,Toluca,4074.2,571.7,14.0,3502.1,968.4,27.7,1.2,0.5,3788.2,836.2,2501.2,246.7978947,834.9473684,22.8%,2501.210442
Malinalco,Mexico,Toluca,5160.0,#DIV/0!,#DIV/0!,3349.5,1174.1,35.1,1.5,,3440.0,1212.4,3335.9,0.0,872.3331579,0.0%,3335.903701
Metepec,Mexico,Toluca,,,#DIV/0!,4253.7,950.7,22.4,,,4253.7,950.7,3302.2,465.2631579,1712.013158,21.4%,3302.157469
Morelos,Mexico,Toluca,3620.5,1365.8,37.7,2818.4,1175.0,41.7,1.3,0.9,3219.5,1320.7,2844.6,1248.894737,5160.631579,19.5%,2844.558011
Ocoyoacac,Mexico,Toluca,,,#DIV/0!,3536.3,778.3,22.0,,,3536.3,778.3,3609.7,0.0,1796.292632,0.0%,3609.730512
Ocuilan,Mexico,Toluca,,,#DIV/0!,3126.8,691.2,22.1,,,3126.8,691.2,2546.4,0.0,2532.9,0.0%,2546.398439
Otzolotepec,Mexico,Toluca,4382.6,1477.7,33.7,3655.8,1141.7,31.2,1.2,1.1,4019.2,1353.6,3913.6,498.9894737,221.7894737,69.2%,3913.569381
Rayon,Mexico,Toluca,,,#DIV/0!,4050.5,1462.4,36.1,,,4050.5,1462.4,3211.4,0.0,1951.210526,0.0%,3211.423138
San Antonio La Isla,Mexico,Toluca,,,#DIV/0!,3644.2,1041.3,28.6,,,3644.2,1041.3,1841.9,0.0,62.18421053,0.0%,1841.885431
San Felipe del Progreso,Mexico,Toluca,4377.9,1113.2,25.4,2900.5,917.3,31.6,1.5,0.8,3639.2,1254.0,4043.2,4145.15,15197.67474,21.4%,4043.193184
San Jose del Rincon,Mexico,Toluca,,,#DIV/0!,3027.9,1224.4,40.4,,,3027.9,1224.4,3979.2,8392.894737,15591.84211,35.0%,3979.245141
San Mateo Atenco,Mexico,Toluca,,,#DIV/0!,3306.3,1026.6,31.0,,,3306.3,1026.6,3140.0,0.0,19522.78947,0.0%,3139.989063
Temoaya,Mexico,Toluca,4626.8,867.7,18.8,3770.0,1109.0,29.4,1.2,0.6,4198.4,1073.8,3424.9,117.2721053,88.29842105,57.0%,3424.945738
Tenancingo,Mexico,Toluca,3434.2,1102.8,32.1,3080.0,1064.5,34.6,1.1,0.9,3257.1,1084.0,3901.3,6848.052632,6557.875263,51.1%,3901.290245
Tenango del Valle,Mexico,Toluca,,,#DIV/0!,4052.1,865.1,21.3,,,4052.1,865.1,4259.8,5719.739474,11168.60526,33.9%,4259.796846
Texcalyacac,Mexico,Toluca,,,#DIV/0!,3203.2,1255.8,39.2,,,3203.2,1255.8,3481.1,53.50315789,171.8,23.7%,3481.123963
Tianguistenco,Mexico,Toluca,,,#DIV/0!,3652.6,748.7,20.5,,,3652.6,748.7,3511.9,0.0,416.4942105,0.0%,3511.90724
Toluca,Mexico,Toluca,4658.9,441.0,9.5,3905.3,692.2,17.7,1.2,0.5,4282.1,688.1,3623.8,1460.806842,14789.73684,9.0%,3623.827287
Tonatico,Mexico,Toluca,5800.5,1408.9,24.3,5031.1,1742.6,34.6,1.2,0.7,5415.8,1610.9,3254.5,461.8894737,581.3157895,44.3%,3254.490905
Villa Guerrero,Mexico,Toluca,,,#DIV/0!,2765.8,717.9,26.0,,,2765.8,717.9,3668.2,1636.158947,9213.563684,15.1%,3668.219282
Villa Victoria,Mexico,Toluca,4094.2,821.3,20.1,3473.7,895.3,25.8,1.2,0.8,3783.9,903.9,2927.2,197.9352632,1254.298421,13.6%,2927.248393
Xalatlaco,Mexico,Toluca,,,#DIV/0!,2854.7,703.8,24.7,,,2854.7,703.8,3513.4,0.0,4057.019474,0.0%,3513.413538
Zinacantepec,Mexico,Toluca,4248.4,863.9,20.3,3573.2,1018.0,28.5,1.2,0.7,3910.8,992.1,1561.7,67.08421053,893.6842105,7.0%,1561.735506
Zumpahuacan,Mexico,Toluca,3283.7,1117.5,34.0,2927.4,922.7,31.5,1.1,1.1,3105.5,1026.8,3051.3,1826.023158,4441.684211,29.1%,3051.275546
Morelos,Morelos,,3742.0,634.4,17.0,3195.5,784.8,24.6,1.2,0.7,3405.0,777.3,3364.6,80.4452381,883.4525793,8.3%,3364.579928
Atlatlahucan,Morelos,Northern Morelos,3460.0,1254.9,36.3,3481.6,1004.8,28.9,1.0,1.3,3478.6,1007.7,3498.8,8.466666667,1229.631579,0.7%,3498.812232
Ayala,Morelos,Northern Morelos,3566.7,814.5,22.8,3632.1,1359.9,37.4,1.0,0.6,3623.2,1284.1,3938.1,134.5,1197.842105,10.1%,3938.063681
Coatetelco,Morelos,Northern Morelos,4200.0,#DIV/0!,#DIV/0!,3900.0,#DIV/0!,#DIV/0!,1.1,,4050.0,212.1,3914.3,10,200,4.8%,3914.285714
Coatlan del Rio,Morelos,Northern Morelos,3816.8,488.7,12.8,3115.3,599.9,19.3,1.2,0.7,3466.1,646.2,3393.6,113.6052632,262.3421053,30.2%,3393.553129
Cuautla,Morelos,Northern Morelos,4011.6,1226.4,30.6,3745.3,1366.3,36.5,1.1,0.8,3878.4,1287.6,3982.2,56.58263158,426.3947368,11.7%,3982.23245
Cuernavaca,Morelos,Northern Morelos,3603.3,466.2,12.9,3192.6,632.2,19.8,1.1,0.7,3373.8,594.2,3190.1,7.62,572.1789474,1.3%,3190.105395
Emiliano Zapata,Morelos,Northern Morelos,3897.1,538.3,13.8,2942.8,364.8,12.4,1.3,1.1,3406.3,661.1,3492.4,103.0117647,94.97222222,52.0%,3492.351258
Huitzilac,Morelos,Northern Morelos,3000.0,#DIV/0!,#DIV/0!,2948.9,587.2,19.9,1.0,,2951.5,571.7,3048.2,20,126.6963158,13.6%,3048.170136
Jantetelco,Morelos,Northern Morelos,3350.0,472.6,14.1,3693.9,1333.5,36.1,0.9,0.4,3631.4,1220.6,4693.2,53,459.9444444,10.3%,4693.17866
Jiutepec,Morelos,Northern Morelos,3555.0,505.9,14.2,2750.0,353.6,12.9,1.3,1.1,3474.5,545.0,3550.8,110.2416667,48,69.7%,3550.777513
Jonacatepec,Morelos,Northern Morelos,4133.3,1180.0,28.5,3677.9,1384.9,37.7,1.1,0.8,3878.8,1299.9,5157.1,88.08,624.1052632,12.4%,5157.099065
Mazatepec,Morelos,Northern Morelos,3804.7,376.1,9.9,3028.4,490.9,16.2,1.3,0.6,3416.6,583.8,3308.5,138.4473684,259.4210526,34.8%,3308.546862
Miacatlan,Morelos,Northern Morelos,3783.2,434.0,11.5,2936.3,399.6,13.6,1.3,0.8,3359.7,594.5,2990.2,185.1578947,2055.210526,8.3%,2990.167403
Ocuituco,Morelos,Northern Morelos,,,#DIV/0!,3112.1,603.6,19.4,,,3112.1,603.6,3167.7,0.0,2673.673684,0.0%,3167.670051
Temixco,Morelos,Northern Morelos,3708.3,365.7,9.9,3024.2,437.4,14.5,1.2,0.7,3357.0,528.2,3149.7,45.46666667,411.1578947,10.0%,3149.66506
Temoac,Morelos,Northern Morelos,3361.7,543.8,16.2,3111.1,746.5,24.0,1.1,0.7,3211.3,674.1,3275.8,18.625,818.2222222,2.2%,3275.817142
Tepoztlan,Morelos,Northern Morelos,4129.2,568.3,13.8,3226.3,376.0,11.7,1.3,1.2,3575.8,634.9,3231.4,15.0225,1890.684211,0.8%,3231.394552
Tetecala,Morelos,Northern Morelos,3896.8,555.9,14.3,2929.5,504.0,17.2,1.3,0.8,3413.2,717.1,3413.8,57.13157895,86.26315789,39.8%,3413.819049
Tetela del Volcan,Morelos,Northern Morelos,,,#DIV/0!,2808.9,602.1,21.4,,,2808.9,602.1,2849.3,0.0,696.6666667,0.0%,2849.274322
Tlalnepantla,Morelos,Northern Morelos,3200.0,#DIV/0!,#DIV/0!,3105.0,518.9,16.7,1.0,,3110.0,504.7,2982.3,45,244.3888889,15.6%,2982.279196
Tlaltizapan de Zapata,Morelos,Northern Morelos,3564.2,339.3,9.5,2904.2,485.1,16.7,1.2,0.6,3234.2,531.4,3147.9,175.4231579,435.7894737,28.7%,3147.947779
Tlayacapan,Morelos,Northern Morelos,3582.3,295.9,8.3,3271.6,515.4,15.8,1.1,0.5,3397.8,460.6,3291.3,22.49,623.8421053,3.5%,3291.340651
Totolapan,Morelos,Northern Morelos,3950.0,100.0,2.5,3247.9,692.3,21.3,1.2,0.1,3370.0,683.8,3236.6,112.5,1629.535263,6.5%,3236.610065
Xochitepec,Morelos,Northern Morelos,3766.3,479.4,12.7,2971.1,391.0,13.2,1.3,1.0,3368.7,590.4,3340.9,85.63157895,89.52631579,48.9%,3340.892428
Yautepec,Morelos,Northern Morelos,3400.0,547.7,16.1,3465.8,715.6,20.6,1.0,0.8,3452.1,673.6,3463.5,32.6,1252.140526,2.5%,3463.53398
Yecapixtla,Morelos,Northern Morelos,3432.9,543.0,15.8,3227.4,474.6,14.7,1.1,1.1,3282.7,491.5,3278.7,3.357142857,3487.910526,0.1%,3278.664942
Zacualpan,Morelos,Northern Morelos,3560.0,676.8,19.0,3081.1,582.0,18.9,1.2,1.0,3266.5,653.8,3106.1,15.44166667,451,3.3%,3106.07016
Puebla,Puebla,,4258.5,1098.5,25.8,1571.5,943.9,60.1,2.7,0.4,2735.5,1673.6,2354.3,365.3817017,2050.076687,15.1%,2354.272584
Acajete,Puebla,,4331.7,306.1,7.1,2617.2,792.8,30.3,1.7,0.2,3045.8,1029.6,2694.9,25.6,9494.931111,0.3%,2694.912167
Acteopan,Puebla,,,,#DIV/0!,1415.0,269.3,19.0,,,1415.0,269.3,1458.4,0.0,581.7611111,0.0%,1458.375431
Amozoc,Puebla,,,,#DIV/0!,2456.1,786.2,32.0,,,2456.1,786.2,2642.5,0.0,4548.706667,0.0%,2642.475728
Atlixco,Puebla,,3914.4,903.7,23.1,1613.7,849.0,52.6,2.4,0.4,2733.0,1450.9,1690.5,359.8722222,4176.715789,7.9%,1690.519578
Atoyatempan,Puebla,,5950.0,1184.2,19.9,646.8,857.6,132.6,9.2,0.2,3298.4,2874.2,5116.3,664.93,188.1052632,77.9%,5116.308483
Atzitzihuacan,Puebla,,3761.7,287.7,7.6,1620.0,252.0,15.6,2.3,0.5,2690.8,1118.3,1740.7,71.17777778,1614.722222,4.2%,1740.662422
Calpan,Puebla,,4041.1,293.1,7.3,2185.6,932.0,42.6,1.8,0.2,3113.3,1161.5,2334.8,90.09277778,2223.638889,3.9%,2334.777079
Chiautzingo,Puebla,,4107.4,361.0,8.8,2371.1,761.2,32.1,1.7,0.3,3262.7,1054.9,2989.1,411.6315789,990.3516667,29.4%,2989.087987
Chigmecatitlan,Puebla,,2500.0,#DIV/0!,#DIV/0!,531.6,202.5,38.1,4.7,,630.0,482.3,681.3,125,222.1405263,36.0%,681.2786192
Cohuecan,Puebla,,,,#DIV/0!,1447.8,328.2,22.7,,,1447.8,328.2,1449.3,0.0,703.9555556,0.0%,1449.281836
Coronango,Puebla,,4038.3,294.6,7.3,2757.8,969.5,35.2,1.5,0.2,3398.1,959.3,2782.6,41.88888889,1959.685,2.1%,2782.580259
Cuapiaxtla de Madero,Puebla,,4013.7,718.2,17.9,728.9,372.3,51.1,5.5,0.4,2371.3,1757.5,1734.2,141.1752632,383,26.9%,1734.179917
Cuautinchan,Puebla,,3007.8,815.3,27.1,1551.1,997.6,64.3,1.9,0.4,2259.7,1164.6,1565.5,161.6016667,3123.338421,4.9%,1565.469157
Cuautlancingo,Puebla,,4019.4,275.3,6.8,2377.9,585.1,24.6,1.7,0.3,3176.5,948.1,2419.2,36.67055556,2144.719474,1.7%,2419.20712
Domingo Arenas,Puebla,,3922.8,281.2,7.2,2200.6,880.9,40.0,1.8,0.2,3061.7,1085.4,2178.6,21.5,848.0372222,2.5%,2178.626908
Epatlan,Puebla,,3909.4,850.9,21.8,932.8,617.7,66.2,4.2,0.3,2421.1,1677.9,2279.9,230.2388889,400.125,36.5%,2279.942283
Huaquechula,Puebla,,3966.3,681.9,17.2,1552.6,563.3,36.3,2.6,0.5,2759.5,1369.8,2204.7,520.7984211,1870.157895,21.8%,2204.732909
Huatlatlauca,Puebla,,3367.7,566.5,16.8,585.3,354.0,60.5,5.8,0.3,1715.6,1457.6,643.3,15.43615385,2473.315789,0.6%,643.2976132
Huehuetlan El Grande,Puebla,,3746.1,823.2,22.0,922.8,603.5,65.4,4.1,0.3,2334.4,1598.7,1075.6,18.125,1809.388889,1.0%,1075.56376
Huejotzingo,Puebla,,4564.0,247.2,5.4,2702.2,784.6,29.0,1.7,0.2,3107.0,1050.4,2736.3,253.4,3822.248333,6.2%,2736.349934
Huitziltepec,Puebla,,5814.7,1515.7,26.1,427.9,213.4,49.9,13.6,0.5,3121.3,2930.9,2148.0,306.7894737,854.4210526,26.4%,2147.996397
Juan C. Bonilla,Puebla,,3633.9,476.9,13.1,2333.7,602.7,25.8,1.6,0.5,2966.2,850.3,2396.5,101.5833333,1760.438421,5.5%,2396.511119
La Magdalena Tlatlauquitepec,Puebla,,,,#DIV/0!,546.3,255.9,46.8,,,546.3,255.9,578.4,0.0,193.4563158,0.0%,578.3706278
Los Reyes de Juarez,Puebla,,4198.9,648.3,15.4,861.6,458.7,53.2,4.9,0.3,2530.3,1779.5,1986.9,279.93,753.2631579,27.1%,1986.948897
Mazapiltepec de Juarez,Puebla,,4905.3,933.2,19.0,2784.2,713.0,25.6,1.8,0.7,3844.7,1351.3,3043.7,32.24210526,1396.538947,2.3%,3043.734622
Molcaxac,Puebla,,3210.0,742.4,23.1,601.1,357.8,59.5,5.3,0.4,1905.5,1441.6,1421.1,750.2805263,2463.877368,23.3%,1421.129194
Nealtican,Puebla,,3515.0,511.1,14.5,2092.1,589.5,28.2,1.7,0.5,2784.3,903.9,2089.6,39.69277778,2121.026316,1.8%,2089.60626
Nopalucan,Puebla,,5311.7,753.1,14.2,2300.5,534.3,23.2,2.3,0.6,3765.4,1654.9,2430.2,264.7222222,6456.526316,3.9%,2430.154729
Ocoyucan,Puebla,,3584.2,634.8,17.7,1720.5,739.2,43.0,2.1,0.4,2652.4,1163.5,2352.1,146.3842105,464.4736842,24.0%,2352.123556
Puebla,Puebla,,4190.0,594.2,14.2,1792.6,763.2,42.6,2.3,0.3,2924.7,1390.8,1979.7,163.3235294,8635.585789,1.9%,1979.746989
Quecholac,Puebla,,4216.3,384.1,9.1,943.2,412.1,43.7,4.5,0.2,2579.7,1704.5,2093.5,1092.140526,2824.912632,27.9%,2093.471722
Rafael Lara Grajales,Puebla,,5142.2,1241.8,24.1,2490.5,732.7,29.4,2.1,0.8,3342.9,1550.9,2464.1,45,565.2368421,7.4%,2464.111673
San Andres Cholula,Puebla,,3687.2,374.4,10.2,1983.7,390.1,19.7,1.9,0.5,2812.4,942.0,2052.5,52.6,1096.993158,4.6%,2052.498247
San Diego La Mesa Tochimiltzingo,Puebla,,,,#DIV/0!,1005.6,634.0,63.0,,,1005.6,634.0,1135.0,0.0,448.1,0.0%,1135.032362
San Felipe Teotlalcingo,Puebla,,4069.4,372.2,9.1,1806.8,468.3,25.9,2.3,0.4,2907.6,1220.5,2107.5,199.5427778,1379.842105,12.6%,2107.512613
San Gregorio Atzompa,Puebla,,4001.3,422.2,10.6,1781.6,460.1,25.8,2.2,0.4,2796.3,1203.9,2030.8,55.509375,362.9105263,13.3%,2030.781258
San Jeronimo Tecuanipan,Puebla,,3515.0,527.7,15.0,2140.5,467.9,21.9,1.6,0.7,2809.2,852.1,2132.0,15.55388889,1326.363158,1.2%,2132.046187
San Jose Chiapa,Puebla,,4701.8,1064.2,22.6,2202.6,691.6,31.4,2.1,0.7,3382.8,1537.8,2531.3,481,3075.631579,13.5%,2531.264421
San Juan Atzompa,Puebla,,,,#DIV/0!,536.8,230.1,42.9,,,536.8,230.1,558.6,0.0,209.2631579,0.0%,558.5633886
San Martin Texmelucan,Puebla,,3988.9,300.1,7.5,2255.8,557.7,24.7,1.8,0.3,3098.9,984.5,2786.8,1120.037222,2788.578947,28.7%,2786.839346
San Martin Totoltepec,Puebla,,3892.8,836.6,21.5,1035.3,670.9,64.8,3.8,0.3,2504.9,1631.4,1375.9,26.42777778,390,6.3%,1375.897428
San Matias Tlalancaleca,Puebla,,4337.2,883.5,20.4,2400.5,707.0,29.5,1.8,0.7,3342.7,1257.6,2620.9,295.1,2559.403684,10.3%,2620.892888
San Miguel Xoxtla,Puebla,,4025.0,290.2,7.2,2127.9,420.5,19.8,1.9,0.4,2583.2,913.2,2208.7,67.66666667,396.8210526,14.6%,2208.734334
San Nicolas de Los Ranchos,Puebla,,,,#DIV/0!,1777.4,662.1,37.3,,,1777.4,662.1,1794.5,0.0,1387.6,0.0%,1794.473187
San Pedro Cholula,Puebla,,3956.7,300.7,7.6,2354.7,563.6,23.9,1.7,0.3,3134.1,927.6,2409.8,51.90722222,3884.859474,1.3%,2409.768641
San Salvador El Verde,Puebla,,4070.6,398.8,9.8,2323.2,538.3,23.2,1.8,0.4,3173.2,1002.0,2514.0,341.0205556,3650.368421,8.5%,2514.023337
Santa Catarina Tlaltempan,Puebla,,,,#DIV/0!,538.4,218.2,40.5,,,538.4,218.2,621.9,0.0,214.7894737,0.0%,621.9259688
Santa Isabel Cholula,Puebla,,3842.1,747.1,19.4,1891.1,622.0,32.9,2.0,0.6,2866.6,1198.8,2228.8,166.7542105,803.7105263,17.2%,2228.822695
Soltepec,Puebla,,5500.0,1254.0,22.8,2704.7,696.7,25.8,2.0,0.9,3190.9,1336.1,2753.4,32,4842.673684,0.7%,2753.35587
Tecali de Herrera,Puebla,,3858.3,887.2,23.0,1405.6,628.0,44.7,2.7,0.5,2631.9,1456.3,1790.0,384.565,2262.765,14.5%,1789.993585
Tecamachalco,Puebla,,6096.3,1431.5,23.5,643.7,921.8,143.2,9.5,0.2,3370.0,3007.3,3988.1,3390.245789,3461.105263,49.5%,3988.059496
Teopantlan,Puebla,,3680.6,712.0,19.3,962.8,678.3,70.5,3.8,0.3,2282.9,1538.8,1148.7,20.1,1622.666667,1.2%,1148.684319
Tepatlaxco de Hidalgo,Puebla,,,,#DIV/0!,2261.6,889.7,39.3,,,2261.6,889.7,2423.4,0.0,2419.615789,0.0%,2423.391927
Tepeaca,Puebla,,4195.6,1097.6,26.2,2243.2,797.7,35.6,1.9,0.7,3193.0,1365.9,2443.5,848.315,4790.023684,15.0%,2443.451023
Tepemaxalco,Puebla,,3538.9,278.0,7.9,1217.2,435.2,35.8,2.9,0.2,2378.1,1231.1,1358.3,14.32388889,499.4722222,2.8%,1358.299241
Tepeojuma,Puebla,,4181.1,866.5,20.7,1212.2,659.9,54.4,3.4,0.4,2696.7,1686.0,1672.4,65.00277778,749.3611111,8.0%,1672.42793
Tepexco,Puebla,,3625.6,222.5,6.1,1397.8,234.3,16.8,2.6,0.4,2511.7,1151.9,1550.8,95.8,1435.266667,6.3%,1550.752562
Tepeyahualco de Cuauhtemoc,Puebla,,5865.8,1006.3,17.2,444.7,243.9,54.8,13.2,0.3,3155.3,2840.3,4509.5,309.8947368,131.3684211,70.2%,4509.466114
Tianguismanalco,Puebla,,3849.3,673.1,17.5,1690.0,572.5,33.9,2.3,0.5,2606.1,1242.1,1790.2,116.9071429,1722.157895,6.4%,1790.244929
Tilapa,Puebla,,3570.6,205.4,5.8,1297.8,243.8,18.8,2.8,0.3,2434.2,1173.7,3144.1,735.2777778,166.9583333,81.5%,3144.126019
Tlahuapan,Puebla,,4094.7,364.1,8.9,2407.4,758.3,31.5,1.7,0.3,3251.1,1036.9,2532.0,603.4947368,9032.473684,6.3%,2532.045211
Tlaltenango,Puebla,,4117.1,324.6,7.9,2385.3,512.5,21.5,1.7,0.4,3120.0,972.7,2574.5,204.2664286,1621.982632,11.2%,2574.52163
Tlanepantla,Puebla,,5747.4,1045.7,18.2,408.4,232.2,56.9,14.1,0.3,3077.9,2806.6,2890.7,205.5436842,303.8421053,40.4%,2890.717182
Tlapanala,Puebla,,3632.2,160.4,4.4,1541.7,551.4,35.8,2.4,0.1,2586.9,1133.1,2336.0,577.7222222,1117.166667,34.1%,2336.005164
Tochimilco,Puebla,,3874.3,710.9,18.3,2029.5,589.1,29.0,1.9,0.6,2812.1,1121.5,1998.0,49.8,2618.526316,1.9%,1997.970203
Tochtepec,Puebla,,6296.3,1184.2,18.8,403.7,277.8,68.8,15.6,0.3,3350.0,3104.0,4183.0,1305.210526,987.4736842,56.9%,4183.023588
Tzicatlacoyan,Puebla,,,,#DIV/0!,1207.4,820.8,68.0,,,1207.4,820.8,1023.4,0.0,2304.749474,0.0%,1023.356926
Xochiltepec,Puebla,,4036.7,982.9,24.3,1013.9,659.9,65.1,4.0,0.4,2525.3,1740.8,1291.2,31.875,729.6944444,4.2%,1291.234386
Xochitlan Todos Santos,Puebla,,5590.0,1364.9,24.4,454.2,287.4,63.3,12.3,0.4,3022.1,2778.3,2960.6,1091.280526,1645.473684,39.9%,2960.643765
Yehualtepec,Puebla,,5951.6,1200.5,20.2,428.4,335.3,78.3,13.9,0.3,3190.0,2930.6,2472.4,775.6842105,2557.421053,23.3%,2472.433535
Tlaxcala,Tlaxcala,,3594.5,1224.7,34.1,2360.2,596.8,25.3,1.5,1.3,2964.7,1138.7,2616.9,290.113925,1713.056234,14.5%,2616.855436
Acuamanala de Miguel Hidalgo,Tlaxcala,,3238.9,448.7,13.9,2371.1,456.3,19.2,1.4,0.7,2805.0,626.6,2633.9,200.8057895,381.8468421,34.5%,2633.931927
Amaxac de Guerrero,Tlaxcala,,3014.7,554.6,18.4,2316.3,558.9,24.1,1.3,0.8,2665.5,653.3,2465.0,122.3657895,476.0110526,20.4%,2465.012833
Apetatitlan de Antonio Carvajal,Tlaxcala,,3094.7,604.9,19.5,2296.8,557.1,24.3,1.3,0.8,2695.8,701.8,2273.1,40.60789474,746.5510526,5.2%,2273.090482
Apizaco,Tlaxcala,,3049.5,696.3,22.8,2415.3,554.7,23.0,1.3,1.0,2732.4,699.2,2364.7,141.5105263,1437.828947,9.0%,2364.652082
Atlangatepec,Tlaxcala,,3014.2,554.4,18.4,2482.6,643.8,25.9,1.2,0.7,2748.4,651.0,2501.5,126.1873684,1443.236842,8.0%,2501.515193
Atltzayanca,Tlaxcala,,5406.8,1621.1,30.0,2182.6,706.6,32.4,2.5,0.9,3794.7,2047.1,2322.1,180.0378947,6559.891579,2.7%,2322.08826
Benito Juarez,Tlaxcala,,3181.6,717.2,22.5,2490.5,578.3,23.2,1.3,1.0,2836.1,731.8,2666.8,353.7684211,904.3736842,28.1%,2666.773329
Calpulalpan,Tlaxcala,,3029.5,743.2,24.5,2492.6,562.9,22.6,1.2,1.1,2761.1,704.9,2454.8,65.31842105,3290.410526,1.9%,2454.834519
Chiautempan,Tlaxcala,,3096.3,546.9,17.7,2422.6,731.4,30.2,1.3,0.6,2759.5,722.7,2447.7,99.93210526,3245.699474,3.0%,2447.692684
Contla de Juan Cuamatzi,Tlaxcala,,3082.6,614.2,19.9,2252.6,721.9,32.0,1.4,0.6,2667.6,783.5,2233.1,27.93263158,1641.926842,1.7%,2233.140556
Cuapiaxtla,Tlaxcala,,5493.2,1691.4,30.8,2154.2,820.9,38.1,2.5,0.8,3823.7,2140.6,2636.3,762.2921053,5114.842105,13.0%,2636.341759
Cuaxomulco,Tlaxcala,,3082.1,695.3,22.6,2271.6,641.0,28.2,1.4,0.8,2676.8,777.0,2341.6,105.9636842,861.3473684,11.0%,2341.572271
El Carmen Tequexquitla,Tlaxcala,,5257.4,1666.9,31.7,1884.2,883.9,46.9,2.8,0.7,3570.8,2157.2,2883.3,431.3915789,1031.473158,29.5%,2883.277116
Emiliano Zapata,Tlaxcala,,6761.4,155.5,2.3,2296.8,749.2,32.6,2.9,0.1,3498.8,2118.6,2520.2,77.82857143,801.7363158,8.8%,2520.205281
Espanita,Tlaxcala,,2994.2,682.1,22.8,2561.6,365.5,14.3,1.2,1.6,2777.9,582.6,2501.4,43.40105263,1747.560526,2.4%,2501.354638
Huamantla,Tlaxcala,,5684.7,1529.8,26.9,2486.3,623.5,25.1,2.3,1.1,4085.5,1988.5,3063.9,3242.958421,14518.47789,18.3%,3063.917203
Hueyotlipan,Tlaxcala,,3041.1,649.2,21.3,2492.6,397.0,15.9,1.2,1.3,2759.5,595.9,2523.0,217.0644444,2488.473684,8.0%,2523.011914
Ixtacuixtla de Mariano Matamoros,Tlaxcala,,3303.2,533.5,16.2,2238.4,545.1,24.4,1.5,0.7,2770.8,757.7,2430.5,620.9015789,2225.501579,21.8%,2430.533216
Ixtenco,Tlaxcala,,4701.7,1357.6,28.9,2617.9,522.1,19.9,1.8,1.4,3424.5,1379.8,2732.5,71.33333333,2515.191053,2.8%,2732.542524
La Magdalena Tlaltelulco,Tlaxcala,,3062.6,499.7,16.3,2368.4,627.3,26.5,1.3,0.6,2715.5,660.8,2576.9,158.4268421,518.8736842,23.4%,2576.908619
Lazaro Cardenas,Tlaxcala,,5689.4,1504.1,26.4,2228.9,934.4,41.9,2.6,0.6,3863.1,2133.8,2512.6,33.24647059,510.0763158,6.1%,2512.610484
Mazatecochco de Jose Maria Morelos,Tlaxcala,,3236.3,408.4,12.6,2319.5,444.2,19.2,1.4,0.7,2777.9,626.9,2389.4,36.29105263,401.8536842,8.3%,2389.405087
Munoz de Domingo Arenas,Tlaxcala,,3023.2,627.0,20.7,2513.2,384.2,15.3,1.2,1.4,2768.2,574.3,2494.1,29.99473684,1624.131579,1.8%,2494.108384
Nanacamilpa de Mariano Arista,Tlaxcala,,3023.2,602.2,19.9,2451.6,628.6,25.6,1.2,0.8,2737.4,672.7,2383.6,114.6815789,2261.184211,4.8%,2383.61018
Nativitas,Tlaxcala,,3378.9,581.2,17.2,2290.0,484.3,21.1,1.5,0.8,2834.5,763.5,2725.6,1137.903684,1390.516316,45.0%,2725.611012
Panotla,Tlaxcala,,3250.5,413.2,12.7,2247.9,443.9,19.7,1.4,0.6,2749.2,661.1,2352.0,259.3384211,1740.672105,13.0%,2352.047824
Papalotla de Xicohtencatl,Tlaxcala,,3250.0,443.3,13.6,2416.8,646.5,26.7,1.3,0.5,2833.4,690.8,2457.6,178.1921053,1853.323684,8.8%,2457.601014
San Damian Texoloc,Tlaxcala,,3292.6,466.7,14.2,2322.6,438.3,18.9,1.4,0.8,2807.6,664.1,2551.3,133.0794737,375.8926316,26.1%,2551.337936
San Francisco Tetlanohcan,Tlaxcala,,3088.2,565.9,18.3,2294.7,606.8,26.4,1.3,0.7,2669.4,705.1,2311.7,14.25058824,808.2236842,1.7%,2311.692196
San Jeronimo Zacualpan,Tlaxcala,,3278.9,429.4,13.1,2259.5,595.2,26.3,1.5,0.5,2769.2,727.2,2288.3,12.59736842,254.9805263,4.7%,2288.255575
San Jose Teacalco,Tlaxcala,,5100.0,#DIV/0!,#DIV/0!,2632.6,688.6,26.2,1.9,,2756.0,868.1,2803.5,390,1159.335789,25.2%,2803.471149
San Juan Huactzinco,Tlaxcala,,3204.2,409.4,12.8,2348.4,452.6,19.3,1.4,0.7,2776.3,607.6,2770.6,102.6510526,71.59631579,58.9%,2770.589301
San Lorenzo Axocomanitla,Tlaxcala,,3248.9,447.7,13.8,2317.2,416.0,18.0,1.4,0.8,2795.7,636.2,3010.9,355.0963158,116.8644444,75.2%,3010.928332
San Lucas Tecopilco,Tlaxcala,,3180.5,473.4,14.9,2464.2,716.8,29.1,1.3,0.5,2822.4,700.5,2456.9,61.83736842,1447.351053,4.1%,2456.945457
San Pablo del Monte,Tlaxcala,,3253.2,415.6,12.8,2331.1,590.5,25.3,1.4,0.5,2792.1,687.0,2347.3,28.35,1840.3,1.5%,2347.27463
Sanctorum de Lazaro Cardenas,Tlaxcala,,2975.3,713.5,24.0,2522.6,587.2,23.3,1.2,1.0,2748.9,684.1,2526.9,216.6215789,1322.339474,14.1%,2526.892427
Santa Ana Nopalucan,Tlaxcala,,3339.5,489.2,14.6,2354.2,503.1,21.4,1.4,0.7,2846.8,699.2,2618.2,75.96631579,194.9673684,28.0%,2618.20038
Santa Apolonia Teacalco,Tlaxcala,,3262.6,420.1,12.9,2306.3,447.4,19.4,1.4,0.7,2784.5,646.6,2692.8,100.2742105,129.9642105,43.6%,2692.752528
Santa Catarina Ayometla,Tlaxcala,,3191.1,357.2,11.2,2337.4,432.0,18.5,1.4,0.6,2764.2,583.1,2945.2,298.3942105,98.59,75.2%,2945.234465
Santa Cruz Quilehtla,Tlaxcala,,3212.6,425.9,13.3,2345.8,434.6,18.5,1.4,0.7,2779.2,610.8,2644.8,59.28210526,102.9131579,36.5%,2644.84653
Santa Cruz Tlaxcala,Tlaxcala,,3068.4,715.5,23.3,2270.0,777.7,34.3,1.4,0.7,2669.2,840.8,2376.5,259.9373684,1457.647895,15.1%,2376.533227
Santa Isabel Xiloxoxtla,Tlaxcala,,3250.0,403.7,12.4,2353.2,449.7,19.1,1.4,0.6,2801.6,619.8,2949.1,69.15210526,27.09263158,71.9%,2949.088125
Tenancingo,Tlaxcala,,3268.9,422.6,12.9,2345.8,436.7,18.6,1.4,0.7,2807.4,631.2,2441.0,63.30105263,596.8526316,9.6%,2441.009749
Teolocholco,Tlaxcala,,3108.9,450.9,14.5,2311.6,724.6,31.3,1.3,0.5,2699.5,722.3,2319.2,182.085,2924.749474,5.9%,2319.199963
Tepetitla de Lardizabal,Tlaxcala,,3314.7,494.5,14.9,2326.8,443.1,19.0,1.4,0.8,2820.8,681.9,2775.3,533.7994737,663.3473684,44.6%,2775.262724
Tepeyanco,Tlaxcala,,3240.5,411.3,12.7,2335.8,420.4,18.0,1.4,0.7,2788.2,615.2,2866.8,305.4384211,170.3436842,64.2%,2866.806566
Terrenate,Tlaxcala,,5133.8,1849.7,36.0,2171.6,948.1,43.7,2.4,0.8,3525.7,2055.9,2570.8,328.48125,2542.636842,11.4%,2570.770024
Tetla de La Solidaridad,Tlaxcala,,3048.9,646.0,21.2,2551.1,348.1,13.6,1.2,1.6,2800.0,570.6,2508.2,159.6,2432.552632,6.2%,2508.19177
Tetlatlahuca,Tlaxcala,,3239.5,490.1,15.1,2260.5,513.8,22.7,1.4,0.7,2750.0,701.0,2779.2,817.2510526,664.0389474,55.2%,2779.240965
Tlaxcala,Tlaxcala,,3112.6,412.1,13.2,2338.9,494.9,21.2,1.3,0.6,2725.8,596.2,2918.5,1336.741053,448.4721053,74.9%,2918.471514
Tlaxco,Tlaxcala,,2976.3,559.7,18.8,2454.2,545.4,22.2,1.2,0.8,2715.3,605.9,2500.5,231.2236842,6919.029474,3.2%,2500.50799
Tocatlan,Tlaxcala,,5505.8,1475.9,26.8,2511.6,762.8,30.4,2.2,0.9,4008.7,1909.1,3114.0,151.25,744.6178947,16.9%,3113.964871
Totolac,Tlaxcala,,3386.3,917.4,27.1,2255.8,403.9,17.9,1.5,1.5,2821.1,903.9,2614.2,43.45842105,119.5247368,26.7%,2614.220166
Tzompantepec,Tlaxcala,,5547.9,1474.4,26.6,2542.1,735.2,28.9,2.2,0.9,4045.0,1907.9,2791.8,228.9778947,1991.755263,10.3%,2791.799337
Xaloztoc,Tlaxcala,,5526.1,1732.7,31.4,2422.1,777.9,32.1,2.3,1.0,3932.2,2047.9,2931.2,377.54,2184.185789,14.7%,2931.209676
Xaltocan,Tlaxcala,,3117.9,566.0,18.2,2287.4,704.4,30.8,1.4,0.6,2702.6,757.9,2352.2,160.8205263,3676.805789,4.2%,2352.183167
Xicohtzinco,Tlaxcala,,3278.4,433.1,13.2,2344.7,447.7,19.1,1.4,0.7,2811.6,642.3,2462.8,86.73263158,515.4821053,14.4%,2462.772503
Yauhquemehcan,Tlaxcala,,3049.5,483.9,15.9,2276.3,691.4,30.4,1.3,0.5,2662.9,707.1,2566.3,103.8057895,737.3447368,12.3%,2566.263474
Zacatelco,Tlaxcala,,3270.0,436.2,13.3,2322.1,495.8,21.3,1.4,0.6,2796.1,665.5,3019.4,965.1563158,322.2589474,75.0%,3019.356987
Ziltlaltepec de Trinidad Sanchez Santos,Tlaxcala,,5447.9,1515.1,27.8,2531.1,618.5,24.4,2.2,1.1,3989.5,1867.4,2611.8,99.00894737,3904.294211,2.5%,2611.814336
